{
  "hyperparameters": {
    "learning_rate": 0.05,
    "n_iterations": 20000,
    "tolerance": 0.0104
  },
  "theta0": 8594.217232468076,
  "theta1": -0.02234880324440018
}